{
"apiVersion": "V1",
"assemblies": [
{
  "files": [
    {
      "filePath": "assembly_data_report.jsonl",
      "fileType": "DATA_REPORT"
    }
  ]
},{
  "accession": "GCA_021436905.1",
  "files": [
    {
      "filePath": "GCA_021436905.1/chr1.fna",
      "fileType": "GENOMIC_NUCLEOTIDE_FASTA"
    },
    {
      "filePath": "GCA_021436905.1/chr2.fna",
      "fileType": "GENOMIC_NUCLEOTIDE_FASTA"
    },
    {
      "filePath": "GCA_021436905.1/chr3.fna",
      "fileType": "GENOMIC_NUCLEOTIDE_FASTA"
    },
    {
      "filePath": "GCA_021436905.1/chr4.fna",
      "fileType": "GENOMIC_NUCLEOTIDE_FASTA"
    },
    {
      "filePath": "GCA_021436905.1/chr5.fna",
      "fileType": "GENOMIC_NUCLEOTIDE_FASTA"
    },
    {
      "filePath": "GCA_021436905.1/chr6.fna",
      "fileType": "GENOMIC_NUCLEOTIDE_FASTA"
    },
    {
      "filePath": "GCA_021436905.1/chr7.fna",
      "fileType": "GENOMIC_NUCLEOTIDE_FASTA"
    },
    {
      "filePath": "GCA_021436905.1/chr8.fna",
      "fileType": "GENOMIC_NUCLEOTIDE_FASTA"
    },
    {
      "filePath": "GCA_021436905.1/chr9.fna",
      "fileType": "GENOMIC_NUCLEOTIDE_FASTA"
    },
    {
      "filePath": "GCA_021436905.1/chr10.fna",
      "fileType": "GENOMIC_NUCLEOTIDE_FASTA"
    },
    {
      "filePath": "GCA_021436905.1/chr11.fna",
      "fileType": "GENOMIC_NUCLEOTIDE_FASTA"
    },
    {
      "filePath": "GCA_021436905.1/chr12.fna",
      "fileType": "GENOMIC_NUCLEOTIDE_FASTA"
    },
    {
      "filePath": "GCA_021436905.1/unplaced.scaf.fna",
      "fileType": "GENOMIC_NUCLEOTIDE_FASTA"
    },
    {
      "filePath": "GCA_021436905.1/sequence_report.jsonl",
      "fileType": "SEQUENCE_REPORT"
    }
  ]
}]}
